Adelaide Business Services,14027
Adelaide Royal Coach,20251
Adelaide Strata Management Pty Ltd,16051
Advanced Carpet and Tile Cleaning,20036
Alyssiums Pty Ltd,13032
AMQ International,14010
APT AM Holdings Pty Ltd,20223
Aquafish Australia,20158
Atlas Health Care Pty Ltd,16057
Australia Wide Assist Pty Ltd,20037
Australian Classic Touring (3D) Cars Pty Ltd,17007
Australian Geothermal Energy Association,20023
Australian Home Roofing,20545
Australian Outdoor Living,20044
Ausvat  Pty Ltd,20262
AWC Solutions Pty Ltd,20077
Balloons Galore,10042
Barossa Quilt and Craft Cottage,20024
Barossa Valley Estate Limited,20019
Barossa Weintal Resort,16055
BDO (SA) Pty Ltd,20288
Beauty at the Bay,20261
BettaLife Distributors Pty Ltd,20211
Bible In Song,13044
Billet Race Craft,17080
BIY Construction,20184
Cafe Strand,20638
Casa Leisure Pty Ltd,15015
Chandor Graphics and Printing Pty Ltd,20229
CHC Helicopters (Australia),10034
City Circle Newsagents,19989
City Shelving and Storage Systems,17035
Class Is Brass Pty Ltd,13014
Classic Shots,17032
Collaroy Developments Pty Ltd,20198
Copyworld,20191
Country Club Hotels & Resorts Pty Ltd,99021
Country Life Antiques,16003
Cover It Manufacturing,17025
Daves Work n Safety Gear,20095
David Cappo,20644
David David Medical Services Pty Ltd,16024
Dawntreader Pty Ltd,20220
Deblan Comforts,0
Dementia Training Study Centre,15028
Design Notion,20330
Dexmede Pty Ltd,20002
DK West Pty Ltd,16002
Domain Printing Systems Pty Ltd,20021
Don Morton Marine Pty Ltd,98026
Dowie Doole,13006
Dreamtime Public Relations Pty Ltd,14025
Dynek Pty Ltd,17040
ECH Inc,20256
Ensenada Motor Inn,99010
Envestra Limited,20219
ES Wigg & Son Pty Ltd,11010
Evans Clarke National Pty Ltd,16006
Executive Phone & Data Pty Ltd,20116
Expanding Horizons (Aust) Pty Ltd,17039
Ezy-Fit Marine Pty Ltd,20231
Family Voice Australia,15020
Fishermans Paradise,99093
Flair Curtains and Blinds,17052
Flight Training Adelaide Pty Ltd,20131
Flightpath Architects Pty Ltd,11018
Flinders Island Car Rentals,20643
Flinders Personnel Pty Ltd,17043
Florist Suppliers Pty Ltd,20076
FurElise Australia Pty Ltd,20225
Gazzas Rubbish Removals,20628
Genpower Australia Pty Ltd,20148
Gleeson College,15008
Glenelg Holiday Flats,10009
Global Pumps,20527
Gourmet Glaze,0
GreenHome Finance Pty Ltd,20252
Gumi Gumi,13043
HK Corporation Pty Ltd,0
Holdfast Shores Hotel Services Pty Ltd,20648
Holidays of Australia Pty Ltd,99188
Illuminating Engineering Society of Australia & New Zealand,16018
Image Wear,16062
Innovative Training & Recruitment Pty Ltd,20245
Jacksons 4x4 Accessories,20188
Jacksons Australia Pty Ltd,20072
Jazmin Communications,20093
Jim Raz Nominees Pty Ltd,0
JK & KM Ramage Pty Ltd,20140
John Pirie Motor Inn,13052
JRs Surf & Ski,10033
Karidis Corporation Ltd,15012
Ken Maxwell & Sons Pty Ltd,15029
Kennewell Pty Ltd,20075
Key Lock Safe Security Solutions,20627
Klek Roofing and Cladding Pty Ltd,20034
Lanser Communities Pty Ltd,20094
Licesuk,20632
Lifes for Living Incorporated,20239
Linshank Vintners Pty Ltd,20107
Mali Made,20630
Marryatville High School,20329
May Gibbs Childrens Literature Trust,12011
McCracken Country Club,13051
Media Makeup Academy & Agency Pty Ltd,20651
Melbas Australia Pty Ltd,0
Michael Chunys Developments,20642
Michels Warren Pty Ltd,16047
Milano Cucina,20649
Mile End Office Furniture (Australia) Pty Ltd,20542
Motoring Events Management Pty Ltd,13045
Murray Bridge Caravan and Outdoor Centre,17056
Musicorp Australia Pty Ltd,10051
My Wedding,15026
National Wireless,10028
Net-Engine,20253
NexG E-Access Pty Ltd,20250
OverseasGifts.com,13024
Paul Higgs Idea,20178
PDR Sportswear Australia,12014
Peregrine Travel (SA) Pty Ltd,16010
Peter Van the Bread and Party Man,15030
Poly Products Co Pty Ltd,16001
Poynter Hargraves Financial Consultants Pty Ltd,13001
Prospect Conveyancing,16063
Pru Shan Designs,20124
Quality Always Pty Ltd,20001
Radio Rentals Group,15018
Ray and Annes Tackle and Marine,99075
Rosemary Foundation,13007
Rossair Charter,98027
S One Innovations Pty Ltd,16067
Seacourt Pty Ltd,20063
Sealeck Pty Ltd,20182
Seppeltsfield Wines Pty Ltd,20050
Solar SA Pty Ltd,20083
Sole Supply,20652
SOS (Speedy Over Sticking) Pty Ltd,20026
South Australian Wine Industry Association,15027
Spectrum Computer Services Pty Ltd,20258
St Thomas More College,20230
Stallard & Potter,20232
Strata Group Aust Pty Ltd,17032
Sunset (SA) Pty Ltd,17033
T&R Pastoral Pty Ltd,20013
TAFE SA - Rundle Mall Campus,10055
Tanunda Vintners Pty Ltd,20051
Telemall Pty Ltd,20027
TFI Investments Pty Ltd,98010
The Apricot Principle,16043
The Big Olive Company Pty Ltd,14024
The Island Wine Company Pty Ltd,14008
The Woolshed,16013
THEM Advertising & Digital,20646
Thompson & Thompson Sales and Marketing,15011
Tony Colyer Pty Ltd,20048
Toucan Pet Centre,20650
Transplant Nurses Association,15003
Travel Auctions,17022
True Life Anatomy,15021
Tubing & Electrical Industries Pty Ltd,16039
Tynte Flowers,10040
UnitingCare Wesley Port Adelaide Inc,10050
Van Dyk Newbold & Co,20018
Vilis Cakes,13011
Villa Cemara,20647
Vision Media Design and Animation,20108
Vision Zone,17014
Vizplay,20259
Voodoo Coast,20266
Wakeboard Australia,0
Water Quality Research Australia Limited,20141
Webshield,20052
Withbarney.com Pty Ltd,20137
Wohlers Enterprises Pty Ltd,20061
WorldWeb Management Services Pty Ltd,98000
