24 Hour Roadside Assistance Pty Ltd,21771
AFOYI,21700
Alyssiums Pty Ltd,13032
AMQ International,14010
APT AM Holdings Pty Ltd,20223
Aquafish Australia,20158
Atlas McNeil Healthcare Pty Ltd,16057
Australia Wide Assist Pty Ltd,20037
Australian Gas Networks,20219
Australian Outdoor Living,20044
BalaBala Laser Clinic,90015
BDO (SA) Pty Ltd,20288
BettaLife Distributors Pty Ltd,20211
BIY Construction,20184
Brecknock Insurance Brokers Pty Ltd,21728
Casa Leisure Pty Ltd,15015
CHC Helicopters (Australia),10034
City Circle Newsagents,19989
City Shelving and Storage Systems,17035
Classic Shots,17032
Club Lotus Australia,21717
CoDesign Interiors,90012
Copyworld,20191
Country Life Antiques,16003
David David Medical Services Pty Ltd,16024
Dew Design,21721
Dexmede Pty Ltd,20002
Don Morton Marine Pty Ltd,98026
Dreamtime Public Relations Pty Ltd,14025
Drink Deals Daily Pty Ltd,90006
Dry Creek Storage,90018
Dynek Pty Ltd,17040
ECH Inc,20256
Eldercare Incorporated,20818
Executive Phone & Data Pty Ltd,20116
Expanding Horizons (Aust) Pty Ltd,17039
Family Voice Australia,15020
Fishermans Paradise,99093
Flair Curtains and Blinds,17052
Flightpath Architects Pty Ltd,11018
Flinders Island Car Rentals,20643
Genpower Australia Pty Ltd,20148
Glenelg Holiday Flats,10009
Global Water Research Coalition,21707
Glynde Veterinary Surgery,20777
Goyder Institute for Water Research,21748
Greenock Creek Wines Pty Ltd,21097
Holidays of Australia Pty Ltd,99188
Homefresh Experience Pty Ltd,21742
Illuminating Engineering Society of Australia & New Zealand,16018
Image Wear,16062
Jacksons 4x4 Accessories,20188
Jacksons Australia Pty Ltd,20072
James Katsaros Clinic,21421
Jazmin Communications,20093
Jim Raz Nominees Pty Ltd,0
JK & KM Ramage Pty Ltd,20140
JRs Surf & Ski,10033
Just Commodores,21703
Kanokwan Phojamroen,21746
Karidis Corporation Ltd,15012
Kennewell Pty Ltd,20075
Key Tubing & Electrical Industries Pty Ltd,16039
Klek Roofing and Cladding Pty Ltd,20034
Konekt Australia Pty Limited,20245
Living Pictures,21735
Marryatville High School,20329
Matjarra,21778
Maverick Wines Pty Ltd,20842
May Gibbs Childrens Literature Trust,12011
Media Makeup Academy & Agency Pty Ltd,20651
Metropolitan L.P. Gas Pty ltd,21779
Midnight Collection Pty Ltd,21389
Mile End Office Furniture (Australia) Pty Ltd,20542
Miss Queen Fashion,90021
Mobile Compressed Air,21722
Motoring Events Management Pty Ltd,13045
Mrs Peggs Products Pty Ltd,20653
Murray Bridge Caravan and Outdoor Centre,17056
Net-Engine,20253
NexG E-Access Pty Ltd,20250
OliVaylle Pty Ltd,21788
OverseasGifts.com,13024
Padasini,21784
Parthenon Emporium,21723
PDR Sportswear Australia,12014
Pearl's Pizza,90019
Peter Van the Bread and Party Man,15030
Photo Mechanical Products,21782
Poynter Hargraves Financial Consultants Pty Ltd,13001
Pro-Pac Packaging Manufacturing (Melb) Pty Ltd,16001
Prospect Conveyancing,16063
Radio Rentals Group,15018
Ray and Annes Tackle and Marine,99075
Rewards International Pty Ltd,20063
Rosemary Foundation,13007
SOS (Speedy Over Sticking) Pty Ltd,20026
South Australian Wine Industry Association,15027
Southern Australia Wool Products Pty Ltd,16050
TAFE SA - English Language Centre,10055
Tanunda Vintners Pty Ltd,20051
Thai Esan Radio,21708
The Big Olive Company Pty Ltd,14024
The Career Consultancy Pty Ltd,21714
The Glove Company,21741
The Island Wine Company Pty Ltd,14008
The Parade Thai Pty Ltd,20661
The Woolshed,16013
Thompson & Thompson Sales and Marketing,15011
Tony Colyer Pty Ltd,20048
Transplant Nurses Association,15003
True Life Anatomy,15021
Tynte Flowers,10040
UnitingCare Wesley Port Adelaide Inc,10050
Valend Nominees Pty Ltd,21388
Vilis Cakes,13011
Water Research Australia Limited,20141
Website Station,21394
Withbarney.com Pty Ltd,20143
Woodcroft Town Centre Management,21689
WorldWeb Management Services Pty Ltd,98000
